task_id,start_point,end_point,priority,remaining_time
SP1-1,SP1,EP35,Normal,None
SP1-2,SP1,EP90,Normal,None
SP1-3,SP1,EP88,Normal,None
SP1-4,SP1,EP83,Normal,None
SP1-5,SP1,EP10,Normal,None
SP1-6,SP1,EP78,Normal,None
SP1-7,SP1,EP82,Urgent,105
SP1-8,SP1,EP22,Normal,None
SP1-9,SP1,EP69,Normal,None
SP1-10,SP1,EP94,Normal,None
SP1-11,SP1,EP32,Normal,None
SP1-12,SP1,EP21,Normal,None
SP1-13,SP1,EP60,Normal,None
SP1-14,SP1,EP49,Normal,None
SP1-15,SP1,EP35,Normal,None
SP1-16,SP1,EP82,Normal,None
SP1-17,SP1,EP89,Normal,None
SP1-18,SP1,EP72,Normal,None
SP1-19,SP1,EP29,Normal,None
SP1-20,SP1,EP88,Normal,None
SP1-21,SP1,EP42,Normal,None
SP1-22,SP1,EP99,Normal,None
SP1-23,SP1,EP100,Normal,None
SP1-24,SP1,EP8,Normal,None
SP1-25,SP1,EP30,Normal,None
SP1-26,SP1,EP5,Urgent,390
SP1-27,SP1,EP41,Normal,None
SP1-28,SP1,EP52,Urgent,420
SP1-29,SP1,EP35,Normal,None
SP1-30,SP1,EP9,Normal,None
SP1-31,SP1,EP28,Urgent,465
SP1-32,SP1,EP73,Normal,None
SP1-33,SP1,EP92,Urgent,495
SP1-34,SP1,EP41,Normal,None
SP1-35,SP1,EP28,Normal,None
SP1-36,SP1,EP84,Normal,None
SP1-37,SP1,EP64,Normal,None
SP1-38,SP1,EP51,Normal,None
SP1-39,SP1,EP83,Normal,None
SP1-40,SP1,EP59,Normal,None
SP1-41,SP1,EP19,Normal,None
SP1-42,SP1,EP34,Normal,None
SP2-1,SP2,EP18,Normal,None
SP2-2,SP2,EP32,Normal,None
SP2-3,SP2,EP96,Urgent,45
SP2-4,SP2,EP72,Normal,None
SP2-5,SP2,EP69,Urgent,75
SP2-6,SP2,EP34,Normal,None
SP2-7,SP2,EP96,Normal,None
SP2-8,SP2,EP75,Normal,None
SP2-9,SP2,EP55,Normal,None
SP2-10,SP2,EP75,Normal,None
SP2-11,SP2,EP52,Normal,None
SP2-12,SP2,EP47,Normal,None
SP2-13,SP2,EP29,Normal,None
SP2-14,SP2,EP18,Normal,None
SP2-15,SP2,EP66,Normal,None
SP2-16,SP2,EP64,Normal,None
SP2-17,SP2,EP12,Normal,None
SP2-18,SP2,EP97,Normal,None
SP2-19,SP2,EP7,Normal,None
SP2-20,SP2,EP15,Normal,None
SP2-21,SP2,EP20,Normal,None
SP2-22,SP2,EP81,Normal,None
SP2-23,SP2,EP21,Normal,None
SP2-24,SP2,EP88,Normal,None
SP2-25,SP2,EP55,Normal,None
SP2-26,SP2,EP77,Normal,None
SP2-27,SP2,EP9,Normal,None
SP2-28,SP2,EP50,Normal,None
SP2-29,SP2,EP49,Normal,None
SP2-30,SP2,EP77,Urgent,450
SP2-31,SP2,EP60,Normal,None
SP2-32,SP2,EP68,Normal,None
SP2-33,SP2,EP33,Normal,None
SP2-34,SP2,EP71,Normal,None
SP2-35,SP2,EP2,Normal,None
SP2-36,SP2,EP88,Normal,None
SP2-37,SP2,EP93,Normal,None
SP2-38,SP2,EP15,Normal,None
SP2-39,SP2,EP88,Urgent,585
SP2-40,SP2,EP69,Urgent,600
SP2-41,SP2,EP97,Normal,None
SP2-42,SP2,EP35,Normal,None
SP3-1,SP3,EP99,Normal,None
SP3-2,SP3,EP83,Normal,None
SP3-3,SP3,EP44,Normal,None
SP3-4,SP3,EP15,Normal,None
SP3-5,SP3,EP38,Normal,None
SP3-6,SP3,EP56,Urgent,90
SP3-7,SP3,EP21,Normal,None
SP3-8,SP3,EP59,Normal,None
SP3-9,SP3,EP1,Normal,None
SP3-10,SP3,EP93,Normal,None
SP3-11,SP3,EP93,Urgent,165
SP3-12,SP3,EP34,Urgent,180
SP3-13,SP3,EP65,Normal,None
SP3-14,SP3,EP98,Normal,None
SP3-15,SP3,EP23,Normal,None
SP3-16,SP3,EP65,Urgent,240
SP3-17,SP3,EP14,Normal,None
SP3-18,SP3,EP81,Normal,None
SP3-19,SP3,EP39,Normal,None
SP3-20,SP3,EP82,Urgent,300
SP3-21,SP3,EP65,Urgent,315
SP3-22,SP3,EP78,Normal,None
SP3-23,SP3,EP26,Normal,None
SP3-24,SP3,EP20,Normal,None
SP3-25,SP3,EP48,Normal,None
SP3-26,SP3,EP98,Normal,None
SP3-27,SP3,EP21,Normal,None
SP3-28,SP3,EP70,Normal,None
SP3-29,SP3,EP100,Normal,None
SP3-30,SP3,EP68,Normal,None
SP3-31,SP3,EP1,Urgent,465
SP3-32,SP3,EP77,Normal,None
SP3-33,SP3,EP42,Normal,None
SP3-34,SP3,EP63,Normal,None
SP3-35,SP3,EP3,Normal,None
SP3-36,SP3,EP15,Normal,None
SP3-37,SP3,EP47,Normal,None
SP3-38,SP3,EP40,Normal,None
SP3-39,SP3,EP31,Normal,None
SP3-40,SP3,EP8,Normal,None
SP3-41,SP3,EP31,Normal,None
SP3-42,SP3,EP73,Normal,None
SP4-1,SP4,EP11,Normal,None
SP4-2,SP4,EP11,Urgent,40
SP4-3,SP4,EP94,Normal,None
SP4-4,SP4,EP63,Normal,None
SP4-5,SP4,EP9,Normal,None
SP4-6,SP4,EP98,Normal,None
SP4-7,SP4,EP69,Normal,None
SP4-8,SP4,EP99,Normal,None
SP4-9,SP4,EP17,Normal,None
SP4-10,SP4,EP17,Normal,None
SP4-11,SP4,EP85,Normal,None
SP4-12,SP4,EP61,Normal,None
SP4-13,SP4,EP71,Normal,None
SP4-14,SP4,EP22,Normal,None
SP4-15,SP4,EP34,Normal,None
SP4-16,SP4,EP68,Normal,None
SP4-17,SP4,EP78,Urgent,255
SP4-18,SP4,EP55,Normal,None
SP4-19,SP4,EP28,Normal,None
SP4-20,SP4,EP70,Normal,None
SP4-21,SP4,EP97,Normal,None
SP4-22,SP4,EP94,Normal,None
SP4-23,SP4,EP89,Normal,None
SP4-24,SP4,EP26,Normal,None
SP4-25,SP4,EP92,Normal,None
SP4-26,SP4,EP40,Normal,None
SP4-27,SP4,EP52,Normal,None
SP4-28,SP4,EP86,Normal,None
SP4-29,SP4,EP84,Normal,None
SP4-30,SP4,EP48,Normal,None
SP4-31,SP4,EP57,Normal,None
SP4-32,SP4,EP67,Normal,None
SP4-33,SP4,EP58,Normal,None
SP4-34,SP4,EP16,Urgent,510
SP4-35,SP4,EP32,Normal,None
SP4-36,SP4,EP29,Normal,None
SP4-37,SP4,EP9,Normal,None
SP4-38,SP4,EP44,Urgent,570
SP4-39,SP4,EP3,Normal,None
SP4-40,SP4,EP76,Normal,None
SP4-41,SP4,EP71,Urgent,615
SP4-42,SP4,EP30,Normal,None
SP5-1,SP5,EP76,Normal,None
SP5-2,SP5,EP29,Normal,None
SP5-3,SP5,EP1,Normal,None
SP5-4,SP5,EP10,Normal,None
SP5-5,SP5,EP91,Normal,None
SP5-6,SP5,EP81,Normal,None
SP5-7,SP5,EP8,Normal,None
SP5-8,SP5,EP30,Normal,None
SP5-9,SP5,EP9,Normal,None
SP5-10,SP5,EP5,Normal,None
SP5-11,SP5,EP43,Normal,None
SP5-12,SP5,EP10,Normal,None
SP5-13,SP5,EP66,Normal,None
SP5-14,SP5,EP31,Normal,None
SP5-15,SP5,EP36,Normal,None
SP5-16,SP5,EP86,Normal,None
SP5-17,SP5,EP63,Normal,None
SP5-18,SP5,EP28,Normal,None
SP5-19,SP5,EP70,Normal,None
SP5-20,SP5,EP17,Normal,None
SP5-21,SP5,EP93,Normal,None
SP5-22,SP5,EP74,Normal,None
SP5-23,SP5,EP74,Normal,None
SP5-24,SP5,EP61,Normal,None
SP5-25,SP5,EP32,Normal,None
SP5-26,SP5,EP61,Normal,None
SP5-27,SP5,EP53,Normal,None
SP5-28,SP5,EP25,Normal,None
SP5-29,SP5,EP13,Urgent,435
SP5-30,SP5,EP13,Normal,None
SP5-31,SP5,EP85,Normal,None
SP5-32,SP5,EP56,Normal,None
SP5-33,SP5,EP46,Normal,None
SP5-34,SP5,EP55,Normal,None
SP5-35,SP5,EP53,Normal,None
SP5-36,SP5,EP60,Urgent,540
SP5-37,SP5,EP94,Normal,None
SP5-38,SP5,EP7,Normal,None
SP5-39,SP5,EP87,Normal,None
SP5-40,SP5,EP84,Normal,None
SP5-41,SP5,EP83,Normal,None
SP5-42,SP5,EP13,Normal,None
SP6-1,SP6,EP8,Normal,None
SP6-2,SP6,EP52,Normal,None
SP6-3,SP6,EP94,Normal,None
SP6-4,SP6,EP44,Normal,None
SP6-5,SP6,EP14,Urgent,75
SP6-6,SP6,EP32,Normal,None
SP6-7,SP6,EP25,Normal,None
SP6-8,SP6,EP25,Normal,None
SP6-9,SP6,EP69,Normal,None
SP6-10,SP6,EP58,Normal,None
SP6-11,SP6,EP18,Urgent,165
SP6-12,SP6,EP55,Normal,None
SP6-13,SP6,EP24,Normal,None
SP6-14,SP6,EP36,Urgent,210
SP6-15,SP6,EP60,Normal,None
SP6-16,SP6,EP32,Urgent,240
SP6-17,SP6,EP10,Normal,None
SP6-18,SP6,EP57,Normal,None
SP6-19,SP6,EP71,Urgent,285
SP6-20,SP6,EP13,Normal,None
SP6-21,SP6,EP7,Normal,None
SP6-22,SP6,EP84,Normal,None
SP6-23,SP6,EP70,Normal,None
SP6-24,SP6,EP2,Urgent,360
SP6-25,SP6,EP12,Normal,None
SP6-26,SP6,EP97,Normal,None
SP6-27,SP6,EP31,Normal,None
SP6-28,SP6,EP22,Normal,None
SP6-29,SP6,EP53,Urgent,435
SP6-30,SP6,EP63,Normal,None
SP6-31,SP6,EP62,Normal,None
SP6-32,SP6,EP28,Normal,None
SP6-33,SP6,EP52,Normal,None
SP6-34,SP6,EP8,Normal,None
SP6-35,SP6,EP22,Normal,None
SP6-36,SP6,EP49,Normal,None
SP6-37,SP6,EP1,Normal,None
SP6-38,SP6,EP50,Normal,None
SP6-39,SP6,EP34,Normal,None
SP6-40,SP6,EP59,Normal,None
SP6-41,SP6,EP37,Urgent,615
SP6-42,SP6,EP55,Normal,None
SP7-1,SP7,EP90,Normal,None
SP7-2,SP7,EP94,Normal,None
SP7-3,SP7,EP72,Normal,None
SP7-4,SP7,EP85,Normal,None
SP7-5,SP7,EP92,Normal,None
SP7-6,SP7,EP63,Normal,None
SP7-7,SP7,EP20,Normal,None
SP7-8,SP7,EP25,Normal,None
SP7-9,SP7,EP38,Normal,None
SP7-10,SP7,EP28,Normal,None
SP7-11,SP7,EP8,Normal,None
SP7-12,SP7,EP75,Normal,None
SP7-13,SP7,EP95,Normal,None
SP7-14,SP7,EP70,Normal,None
SP7-15,SP7,EP8,Normal,None
SP7-16,SP7,EP96,Normal,None
SP7-17,SP7,EP41,Normal,None
SP7-18,SP7,EP8,Normal,None
SP7-19,SP7,EP7,Urgent,285
SP7-20,SP7,EP75,Normal,None
SP7-21,SP7,EP62,Normal,None
SP7-22,SP7,EP65,Normal,None
SP7-23,SP7,EP68,Normal,None
SP7-24,SP7,EP21,Normal,None
SP7-25,SP7,EP8,Normal,None
SP7-26,SP7,EP66,Normal,None
SP7-27,SP7,EP11,Normal,None
SP7-28,SP7,EP24,Normal,None
SP7-29,SP7,EP9,Normal,None
SP7-30,SP7,EP77,Urgent,450
SP7-31,SP7,EP9,Normal,None
SP7-32,SP7,EP87,Normal,None
SP7-33,SP7,EP31,Urgent,495
SP7-34,SP7,EP52,Normal,None
SP7-35,SP7,EP16,Normal,None
SP7-36,SP7,EP73,Normal,None
SP7-37,SP7,EP32,Normal,None
SP7-38,SP7,EP75,Normal,None
SP7-39,SP7,EP77,Normal,None
SP7-40,SP7,EP6,Normal,None
SP7-41,SP7,EP80,Normal,None
SP7-42,SP7,EP11,Normal,None
SP8-1,SP8,EP54,Normal,None
SP8-2,SP8,EP85,Normal,None
SP8-3,SP8,EP75,Urgent,45
SP8-4,SP8,EP73,Normal,None
SP8-5,SP8,EP67,Normal,None
SP8-6,SP8,EP41,Normal,None
SP8-7,SP8,EP34,Urgent,105
SP8-8,SP8,EP27,Normal,None
SP8-9,SP8,EP86,Normal,None
SP8-10,SP8,EP92,Normal,None
SP8-11,SP8,EP41,Normal,None
SP8-12,SP8,EP31,Normal,None
SP8-13,SP8,EP34,Normal,None
SP8-14,SP8,EP51,Normal,None
SP8-15,SP8,EP17,Normal,None
SP8-16,SP8,EP86,Normal,None
SP8-17,SP8,EP83,Normal,None
SP8-18,SP8,EP39,Normal,None
SP8-19,SP8,EP59,Normal,None
SP8-20,SP8,EP41,Normal,None
SP8-21,SP8,EP97,Normal,None
SP8-22,SP8,EP10,Normal,None
SP8-23,SP8,EP2,Normal,None
SP8-24,SP8,EP59,Normal,None
SP8-25,SP8,EP80,Normal,None
SP8-26,SP8,EP73,Normal,None
SP8-27,SP8,EP13,Normal,None
SP8-28,SP8,EP10,Normal,None
SP8-29,SP8,EP69,Normal,None
SP8-30,SP8,EP28,Normal,None
SP8-31,SP8,EP65,Normal,None
SP8-32,SP8,EP34,Normal,None
SP8-33,SP8,EP17,Normal,None
SP8-34,SP8,EP45,Normal,None
SP8-35,SP8,EP9,Normal,None
SP8-36,SP8,EP32,Normal,None
SP8-37,SP8,EP48,Normal,None
SP8-38,SP8,EP37,Normal,None
SP8-39,SP8,EP21,Normal,None
SP8-40,SP8,EP57,Normal,None
SP8-41,SP8,EP70,Normal,None
SP8-42,SP8,EP91,Normal,None
SP9-1,SP9,EP39,Normal,None
SP9-2,SP9,EP79,Normal,None
SP9-3,SP9,EP84,Normal,None
SP9-4,SP9,EP68,Normal,None
SP9-5,SP9,EP2,Normal,None
SP9-6,SP9,EP86,Normal,None
SP9-7,SP9,EP71,Normal,None
SP9-8,SP9,EP39,Normal,None
SP9-9,SP9,EP85,Urgent,135
SP9-10,SP9,EP14,Normal,None
SP9-11,SP9,EP18,Normal,None
SP9-12,SP9,EP34,Normal,None
SP9-13,SP9,EP15,Urgent,195
SP9-14,SP9,EP14,Normal,None
SP9-15,SP9,EP96,Normal,None
SP9-16,SP9,EP71,Normal,None
SP9-17,SP9,EP20,Urgent,255
SP9-18,SP9,EP35,Normal,None
SP9-19,SP9,EP37,Normal,None
SP9-20,SP9,EP78,Normal,None
SP9-21,SP9,EP27,Normal,None
SP9-22,SP9,EP92,Normal,None
SP9-23,SP9,EP44,Normal,None
SP9-24,SP9,EP27,Normal,None
SP9-25,SP9,EP88,Normal,None
SP9-26,SP9,EP82,Normal,None
SP9-27,SP9,EP34,Normal,None
SP9-28,SP9,EP65,Urgent,420
SP9-29,SP9,EP63,Normal,None
SP9-30,SP9,EP33,Normal,None
SP9-31,SP9,EP7,Normal,None
SP9-32,SP9,EP12,Urgent,480
SP9-33,SP9,EP82,Normal,None
SP9-34,SP9,EP55,Normal,None
SP9-35,SP9,EP36,Urgent,525
SP9-36,SP9,EP6,Normal,None
SP9-37,SP9,EP1,Normal,None
SP9-38,SP9,EP43,Urgent,570
SP9-39,SP9,EP99,Normal,None
SP9-40,SP9,EP17,Normal,None
SP9-41,SP9,EP82,Normal,None
SP9-42,SP9,EP34,Normal,None
SP10-1,SP10,EP21,Normal,None
SP10-2,SP10,EP95,Urgent,40
SP10-3,SP10,EP57,Normal,None
SP10-4,SP10,EP71,Normal,None
SP10-5,SP10,EP91,Normal,None
SP10-6,SP10,EP55,Normal,None
SP10-7,SP10,EP72,Normal,None
SP10-8,SP10,EP2,Normal,None
SP10-9,SP10,EP15,Normal,None
SP10-10,SP10,EP10,Urgent,150
SP10-11,SP10,EP89,Normal,None
SP10-12,SP10,EP20,Urgent,180
SP10-13,SP10,EP70,Normal,None
SP10-14,SP10,EP5,Normal,None
SP10-15,SP10,EP48,Normal,None
SP10-16,SP10,EP75,Normal,None
SP10-17,SP10,EP71,Normal,None
SP10-18,SP10,EP19,Normal,None
SP10-19,SP10,EP56,Normal,None
SP10-20,SP10,EP17,Normal,None
SP10-21,SP10,EP6,Normal,None
SP10-22,SP10,EP40,Normal,None
SP10-23,SP10,EP47,Normal,None
SP10-24,SP10,EP6,Normal,None
SP10-25,SP10,EP46,Normal,None
SP10-26,SP10,EP27,Normal,None
SP10-27,SP10,EP88,Normal,None
SP10-28,SP10,EP32,Normal,None
SP10-29,SP10,EP86,Normal,None
SP10-30,SP10,EP14,Normal,None
SP10-31,SP10,EP46,Normal,None
SP10-32,SP10,EP100,Normal,None
SP10-33,SP10,EP72,Normal,None
SP10-34,SP10,EP53,Normal,None
SP10-35,SP10,EP80,Normal,None
SP10-36,SP10,EP96,Normal,None
SP10-37,SP10,EP20,Normal,None
SP10-38,SP10,EP31,Normal,None
SP10-39,SP10,EP21,Normal,None
SP10-40,SP10,EP23,Normal,None
SP10-41,SP10,EP53,Normal,None
SP10-42,SP10,EP4,Normal,None
SP11-1,SP11,EP23,Normal,None
SP11-2,SP11,EP95,Normal,None
SP11-3,SP11,EP43,Normal,None
SP11-4,SP11,EP53,Normal,None
SP11-5,SP11,EP86,Normal,None
SP11-6,SP11,EP95,Normal,None
SP11-7,SP11,EP32,Normal,None
SP11-8,SP11,EP35,Normal,None
SP11-9,SP11,EP21,Normal,None
SP11-10,SP11,EP90,Urgent,150
SP11-11,SP11,EP14,Normal,None
SP11-12,SP11,EP49,Normal,None
SP11-13,SP11,EP5,Urgent,195
SP11-14,SP11,EP61,Normal,None
SP11-15,SP11,EP29,Normal,None
SP11-16,SP11,EP26,Normal,None
SP11-17,SP11,EP59,Normal,None
SP11-18,SP11,EP45,Normal,None
SP11-19,SP11,EP40,Normal,None
SP11-20,SP11,EP30,Normal,None
SP11-21,SP11,EP29,Normal,None
SP11-22,SP11,EP4,Normal,None
SP11-23,SP11,EP85,Normal,None
SP11-24,SP11,EP25,Normal,None
SP11-25,SP11,EP52,Normal,None
SP11-26,SP11,EP43,Normal,None
SP11-27,SP11,EP36,Normal,None
SP11-28,SP11,EP9,Normal,None
SP11-29,SP11,EP99,Normal,None
SP11-30,SP11,EP36,Normal,None
SP11-31,SP11,EP45,Normal,None
SP11-32,SP11,EP83,Normal,None
SP11-33,SP11,EP66,Normal,None
SP11-34,SP11,EP52,Normal,None
SP11-35,SP11,EP87,Normal,None
SP11-36,SP11,EP69,Normal,None
SP11-37,SP11,EP43,Normal,None
SP11-38,SP11,EP4,Normal,None
SP11-39,SP11,EP15,Normal,None
SP11-40,SP11,EP34,Urgent,600
SP11-41,SP11,EP23,Normal,None
SP11-42,SP11,EP75,Normal,None
SP12-1,SP12,EP34,Normal,None
SP12-2,SP12,EP5,Normal,None
SP12-3,SP12,EP14,Urgent,45
SP12-4,SP12,EP77,Normal,None
SP12-5,SP12,EP56,Normal,None
SP12-6,SP12,EP45,Normal,None
SP12-7,SP12,EP94,Normal,None
SP12-8,SP12,EP41,Normal,None
SP12-9,SP12,EP56,Urgent,135
SP12-10,SP12,EP78,Normal,None
SP12-11,SP12,EP66,Normal,None
SP12-12,SP12,EP15,Normal,None
SP12-13,SP12,EP50,Normal,None
SP12-14,SP12,EP74,Normal,None
SP12-15,SP12,EP25,Normal,None
SP12-16,SP12,EP33,Normal,None
SP12-17,SP12,EP6,Normal,None
SP12-18,SP12,EP91,Normal,None
SP12-19,SP12,EP56,Normal,None
SP12-20,SP12,EP1,Normal,None
SP12-21,SP12,EP67,Normal,None
SP12-22,SP12,EP69,Normal,None
SP12-23,SP12,EP88,Normal,None
SP12-24,SP12,EP93,Normal,None
SP12-25,SP12,EP95,Normal,None
SP12-26,SP12,EP95,Normal,None
SP12-27,SP12,EP86,Normal,None
SP12-28,SP12,EP26,Normal,None
SP12-29,SP12,EP47,Normal,None
SP12-30,SP12,EP56,Normal,None
SP12-31,SP12,EP9,Normal,None
SP12-32,SP12,EP86,Normal,None
SP12-33,SP12,EP43,Normal,None
SP12-34,SP12,EP80,Normal,None
SP12-35,SP12,EP41,Normal,None
SP12-36,SP12,EP85,Normal,None
SP12-37,SP12,EP16,Normal,None
SP12-38,SP12,EP93,Normal,None
SP12-39,SP12,EP39,Normal,None
SP12-40,SP12,EP65,Normal,None
SP12-41,SP12,EP40,Normal,None
SP12-42,SP12,EP86,Normal,None
SP13-1,SP13,EP53,Normal,None
SP13-2,SP13,EP42,Normal,None
SP13-3,SP13,EP52,Normal,None
SP13-4,SP13,EP90,Normal,None
SP13-5,SP13,EP38,Normal,None
SP13-6,SP13,EP71,Normal,None
SP13-7,SP13,EP17,Normal,None
SP13-8,SP13,EP25,Normal,None
SP13-9,SP13,EP54,Normal,None
SP13-10,SP13,EP86,Normal,None
SP13-11,SP13,EP49,Normal,None
SP13-12,SP13,EP87,Normal,None
SP13-13,SP13,EP96,Normal,None
SP13-14,SP13,EP23,Urgent,210
SP13-15,SP13,EP79,Normal,None
SP13-16,SP13,EP73,Normal,None
SP13-17,SP13,EP39,Normal,None
SP13-18,SP13,EP52,Normal,None
SP13-19,SP13,EP71,Normal,None
SP13-20,SP13,EP1,Normal,None
SP13-21,SP13,EP39,Normal,None
SP13-22,SP13,EP37,Normal,None
SP13-23,SP13,EP27,Normal,None
SP13-24,SP13,EP56,Normal,None
SP13-25,SP13,EP75,Normal,None
SP13-26,SP13,EP78,Normal,None
SP13-27,SP13,EP84,Normal,None
SP13-28,SP13,EP42,Normal,None
SP13-29,SP13,EP60,Normal,None
SP13-30,SP13,EP57,Normal,None
SP13-31,SP13,EP57,Normal,None
SP13-32,SP13,EP87,Normal,None
SP13-33,SP13,EP28,Normal,None
SP13-34,SP13,EP66,Normal,None
SP13-35,SP13,EP61,Normal,None
SP13-36,SP13,EP95,Normal,None
SP13-37,SP13,EP22,Normal,None
SP13-38,SP13,EP85,Normal,None
SP13-39,SP13,EP11,Normal,None
SP13-40,SP13,EP37,Normal,None
SP13-41,SP13,EP66,Normal,None
SP13-42,SP13,EP85,Normal,None
SP14-1,SP14,EP82,Normal,None
SP14-2,SP14,EP80,Normal,None
SP14-3,SP14,EP43,Normal,None
SP14-4,SP14,EP12,Urgent,60
SP14-5,SP14,EP97,Normal,None
SP14-6,SP14,EP31,Normal,None
SP14-7,SP14,EP87,Normal,None
SP14-8,SP14,EP40,Normal,None
SP14-9,SP14,EP29,Normal,None
SP14-10,SP14,EP26,Normal,None
SP14-11,SP14,EP19,Normal,None
SP14-12,SP14,EP4,Normal,None
SP14-13,SP14,EP6,Urgent,195
SP14-14,SP14,EP32,Normal,None
SP14-15,SP14,EP61,Normal,None
SP14-16,SP14,EP79,Normal,None
SP14-17,SP14,EP99,Normal,None
SP14-18,SP14,EP10,Normal,None
SP14-19,SP14,EP59,Normal,None
SP14-20,SP14,EP54,Urgent,300
SP14-21,SP14,EP81,Normal,None
SP14-22,SP14,EP74,Normal,None
SP14-23,SP14,EP25,Normal,None
SP14-24,SP14,EP92,Normal,None
SP14-25,SP14,EP90,Normal,None
SP14-26,SP14,EP50,Normal,None
SP14-27,SP14,EP64,Normal,None
SP14-28,SP14,EP52,Normal,None
SP14-29,SP14,EP32,Urgent,435
SP14-30,SP14,EP19,Normal,None
SP14-31,SP14,EP84,Normal,None
SP14-32,SP14,EP89,Normal,None
SP14-33,SP14,EP1,Normal,None
SP14-34,SP14,EP97,Normal,None
SP14-35,SP14,EP99,Normal,None
SP14-36,SP14,EP14,Normal,None
SP14-37,SP14,EP100,Normal,None
SP14-38,SP14,EP55,Normal,None
SP14-39,SP14,EP29,Normal,None
SP14-40,SP14,EP23,Normal,None
SP14-41,SP14,EP90,Normal,None
SP14-42,SP14,EP67,Normal,None
SP15-1,SP15,EP60,Normal,None
SP15-2,SP15,EP7,Normal,None
SP15-3,SP15,EP72,Normal,None
SP15-4,SP15,EP32,Urgent,60
SP15-5,SP15,EP16,Normal,None
SP15-6,SP15,EP59,Normal,None
SP15-7,SP15,EP18,Normal,None
SP15-8,SP15,EP60,Normal,None
SP15-9,SP15,EP86,Normal,None
SP15-10,SP15,EP68,Normal,None
SP15-11,SP15,EP72,Normal,None
SP15-12,SP15,EP77,Normal,None
SP15-13,SP15,EP41,Normal,None
SP15-14,SP15,EP97,Normal,None
SP15-15,SP15,EP57,Normal,None
SP15-16,SP15,EP79,Urgent,240
SP15-17,SP15,EP93,Urgent,255
SP15-18,SP15,EP65,Normal,None
SP15-19,SP15,EP55,Normal,None
SP15-20,SP15,EP71,Normal,None
SP15-21,SP15,EP58,Normal,None
SP15-22,SP15,EP21,Normal,None
SP15-23,SP15,EP96,Normal,None
SP15-24,SP15,EP61,Normal,None
SP15-25,SP15,EP58,Normal,None
SP15-26,SP15,EP34,Normal,None
SP15-27,SP15,EP97,Normal,None
SP15-28,SP15,EP32,Normal,None
SP15-29,SP15,EP82,Urgent,435
SP15-30,SP15,EP36,Normal,None
SP15-31,SP15,EP99,Urgent,465
SP15-32,SP15,EP100,Normal,None
SP15-33,SP15,EP67,Normal,None
SP15-34,SP15,EP63,Normal,None
SP15-35,SP15,EP81,Normal,None
SP15-36,SP15,EP31,Normal,None
SP15-37,SP15,EP36,Normal,None
SP15-38,SP15,EP57,Normal,None
SP15-39,SP15,EP10,Normal,None
SP15-40,SP15,EP92,Normal,None
SP15-41,SP15,EP37,Normal,None
SP15-42,SP15,EP31,Normal,None
SP16-1,SP16,EP35,Normal,None
SP16-2,SP16,EP43,Normal,None
SP16-3,SP16,EP41,Normal,None
SP16-4,SP16,EP70,Urgent,60
SP16-5,SP16,EP11,Normal,None
SP16-6,SP16,EP18,Normal,None
SP16-7,SP16,EP20,Normal,None
SP16-8,SP16,EP30,Normal,None
SP16-9,SP16,EP50,Normal,None
SP16-10,SP16,EP89,Normal,None
SP16-11,SP16,EP20,Normal,None
SP16-12,SP16,EP91,Normal,None
SP16-13,SP16,EP28,Normal,None
SP16-14,SP16,EP9,Urgent,210
SP16-15,SP16,EP54,Normal,None
SP16-16,SP16,EP53,Normal,None
SP16-17,SP16,EP43,Normal,None
SP16-18,SP16,EP70,Normal,None
SP16-19,SP16,EP60,Normal,None
SP16-20,SP16,EP54,Normal,None
SP16-21,SP16,EP8,Urgent,315
SP16-22,SP16,EP27,Normal,None
SP16-23,SP16,EP54,Normal,None
SP16-24,SP16,EP50,Normal,None
SP16-25,SP16,EP99,Urgent,375
SP16-26,SP16,EP75,Normal,None
SP16-27,SP16,EP90,Normal,None
SP16-28,SP16,EP3,Normal,None
SP16-29,SP16,EP98,Normal,None
SP16-30,SP16,EP74,Normal,None
SP16-31,SP16,EP49,Normal,None
SP16-32,SP16,EP62,Normal,None
SP16-33,SP16,EP1,Normal,None
SP16-34,SP16,EP46,Normal,None
SP16-35,SP16,EP39,Normal,None
SP16-36,SP16,EP97,Urgent,540
SP16-37,SP16,EP50,Normal,None
SP16-38,SP16,EP54,Normal,None
SP16-39,SP16,EP69,Normal,None
SP16-40,SP16,EP96,Normal,None
SP16-41,SP16,EP95,Normal,None
SP16-42,SP16,EP70,Normal,None
SP17-1,SP17,EP78,Normal,None
SP17-2,SP17,EP29,Normal,None
SP17-3,SP17,EP63,Normal,None
SP17-4,SP17,EP29,Normal,None
SP17-5,SP17,EP35,Normal,None
SP17-6,SP17,EP56,Urgent,90
SP17-7,SP17,EP63,Normal,None
SP17-8,SP17,EP4,Normal,None
SP17-9,SP17,EP50,Normal,None
SP17-10,SP17,EP44,Normal,None
SP17-11,SP17,EP86,Normal,None
SP17-12,SP17,EP87,Normal,None
SP17-13,SP17,EP52,Normal,None
SP17-14,SP17,EP93,Normal,None
SP17-15,SP17,EP22,Urgent,225
SP17-16,SP17,EP60,Normal,None
SP17-17,SP17,EP17,Normal,None
SP17-18,SP17,EP80,Normal,None
SP17-19,SP17,EP69,Normal,None
SP17-20,SP17,EP4,Normal,None
SP17-21,SP17,EP51,Urgent,315
SP17-22,SP17,EP76,Normal,None
SP17-23,SP17,EP73,Normal,None
SP17-24,SP17,EP85,Normal,None
SP17-25,SP17,EP4,Normal,None
SP17-26,SP17,EP11,Normal,None
SP17-27,SP17,EP83,Normal,None
SP17-28,SP17,EP55,Normal,None
SP17-29,SP17,EP18,Normal,None
SP17-30,SP17,EP60,Normal,None
SP17-31,SP17,EP24,Normal,None
SP17-32,SP17,EP7,Normal,None
SP17-33,SP17,EP34,Normal,None
SP17-34,SP17,EP49,Normal,None
SP17-35,SP17,EP42,Normal,None
SP17-36,SP17,EP28,Normal,None
SP17-37,SP17,EP59,Normal,None
SP17-38,SP17,EP42,Normal,None
SP17-39,SP17,EP44,Normal,None
SP17-40,SP17,EP98,Normal,None
SP17-41,SP17,EP49,Normal,None
SP18-1,SP18,EP36,Normal,None
SP18-2,SP18,EP97,Urgent,40
SP18-3,SP18,EP54,Normal,None
SP18-4,SP18,EP33,Normal,None
SP18-5,SP18,EP11,Normal,None
SP18-6,SP18,EP61,Urgent,90
SP18-7,SP18,EP3,Normal,None
SP18-8,SP18,EP96,Normal,None
SP18-9,SP18,EP70,Urgent,135
SP18-10,SP18,EP7,Normal,None
SP18-11,SP18,EP45,Normal,None
SP18-12,SP18,EP29,Normal,None
SP18-13,SP18,EP84,Normal,None
SP18-14,SP18,EP9,Normal,None
SP18-15,SP18,EP100,Normal,None
SP18-16,SP18,EP84,Normal,None
SP18-17,SP18,EP6,Normal,None
SP18-18,SP18,EP97,Normal,None
SP18-19,SP18,EP4,Normal,None
SP18-20,SP18,EP32,Normal,None
SP18-21,SP18,EP26,Urgent,315
SP18-22,SP18,EP3,Normal,None
SP18-23,SP18,EP80,Normal,None
SP18-24,SP18,EP20,Normal,None
SP18-25,SP18,EP31,Normal,None
SP18-26,SP18,EP17,Normal,None
SP18-27,SP18,EP61,Normal,None
SP18-28,SP18,EP86,Normal,None
SP18-29,SP18,EP15,Normal,None
SP18-30,SP18,EP73,Normal,None
SP18-31,SP18,EP28,Normal,None
SP18-32,SP18,EP60,Normal,None
SP18-33,SP18,EP90,Normal,None
SP18-34,SP18,EP33,Normal,None
SP18-35,SP18,EP99,Urgent,525
SP18-36,SP18,EP48,Normal,None
SP18-37,SP18,EP22,Normal,None
SP18-38,SP18,EP78,Normal,None
SP18-39,SP18,EP78,Normal,None
SP18-40,SP18,EP96,Normal,None
SP18-41,SP18,EP92,Normal,None
SP19-1,SP19,EP15,Urgent,20
SP19-2,SP19,EP100,Normal,None
SP19-3,SP19,EP21,Normal,None
SP19-4,SP19,EP40,Normal,None
SP19-5,SP19,EP14,Urgent,75
SP19-6,SP19,EP75,Urgent,90
SP19-7,SP19,EP4,Normal,None
SP19-8,SP19,EP40,Normal,None
SP19-9,SP19,EP74,Normal,None
SP19-10,SP19,EP87,Normal,None
SP19-11,SP19,EP49,Normal,None
SP19-12,SP19,EP51,Normal,None
SP19-13,SP19,EP92,Normal,None
SP19-14,SP19,EP26,Normal,None
SP19-15,SP19,EP10,Normal,None
SP19-16,SP19,EP76,Normal,None
SP19-17,SP19,EP89,Normal,None
SP19-18,SP19,EP81,Normal,None
SP19-19,SP19,EP32,Normal,None
SP19-20,SP19,EP14,Normal,None
SP19-21,SP19,EP90,Normal,None
SP19-22,SP19,EP99,Normal,None
SP19-23,SP19,EP39,Normal,None
SP19-24,SP19,EP88,Urgent,360
SP19-25,SP19,EP77,Normal,None
SP19-26,SP19,EP16,Normal,None
SP19-27,SP19,EP73,Normal,None
SP19-28,SP19,EP6,Urgent,420
SP19-29,SP19,EP45,Normal,None
SP19-30,SP19,EP69,Normal,None
SP19-31,SP19,EP55,Normal,None
SP19-32,SP19,EP85,Normal,None
SP19-33,SP19,EP48,Normal,None
SP19-34,SP19,EP9,Normal,None
SP19-35,SP19,EP65,Normal,None
SP19-36,SP19,EP83,Normal,None
SP19-37,SP19,EP44,Normal,None
SP19-38,SP19,EP2,Urgent,570
SP19-39,SP19,EP54,Normal,None
SP19-40,SP19,EP63,Normal,None
SP19-41,SP19,EP14,Normal,None
SP20-1,SP20,EP56,Normal,None
SP20-2,SP20,EP47,Normal,None
SP20-3,SP20,EP82,Normal,None
SP20-4,SP20,EP59,Normal,None
SP20-5,SP20,EP91,Normal,None
SP20-6,SP20,EP20,Normal,None
SP20-7,SP20,EP56,Normal,None
SP20-8,SP20,EP23,Normal,None
SP20-9,SP20,EP94,Normal,None
SP20-10,SP20,EP67,Normal,None
SP20-11,SP20,EP84,Normal,None
SP20-12,SP20,EP35,Normal,None
SP20-13,SP20,EP79,Normal,None
SP20-14,SP20,EP69,Normal,None
SP20-15,SP20,EP100,Normal,None
SP20-16,SP20,EP62,Normal,None
SP20-17,SP20,EP60,Normal,None
SP20-18,SP20,EP56,Normal,None
SP20-19,SP20,EP94,Normal,None
SP20-20,SP20,EP76,Normal,None
SP20-21,SP20,EP35,Normal,None
SP20-22,SP20,EP42,Normal,None
SP20-23,SP20,EP32,Normal,None
SP20-24,SP20,EP12,Normal,None
SP20-25,SP20,EP36,Normal,None
SP20-26,SP20,EP58,Normal,None
SP20-27,SP20,EP32,Normal,None
SP20-28,SP20,EP97,Normal,None
SP20-29,SP20,EP60,Normal,None
SP20-30,SP20,EP73,Normal,None
SP20-31,SP20,EP79,Urgent,465
SP20-32,SP20,EP86,Urgent,480
SP20-33,SP20,EP49,Normal,None
SP20-34,SP20,EP44,Urgent,510
SP20-35,SP20,EP4,Normal,None
SP20-36,SP20,EP64,Normal,None
SP20-37,SP20,EP42,Normal,None
SP20-38,SP20,EP24,Normal,None
SP20-39,SP20,EP63,Normal,None
SP20-40,SP20,EP28,Normal,None
SP20-41,SP20,EP46,Normal,None
SP21-1,SP21,EP34,Normal,None
SP21-2,SP21,EP44,Normal,None
SP21-3,SP21,EP36,Normal,None
SP21-4,SP21,EP77,Normal,None
SP21-5,SP21,EP90,Normal,None
SP21-6,SP21,EP36,Normal,None
SP21-7,SP21,EP72,Normal,None
SP21-8,SP21,EP2,Normal,None
SP21-9,SP21,EP67,Normal,None
SP21-10,SP21,EP25,Normal,None
SP21-11,SP21,EP11,Normal,None
SP21-12,SP21,EP31,Normal,None
SP21-13,SP21,EP93,Normal,None
SP21-14,SP21,EP53,Urgent,210
SP21-15,SP21,EP63,Normal,None
SP21-16,SP21,EP72,Normal,None
SP21-17,SP21,EP98,Normal,None
SP21-18,SP21,EP31,Normal,None
SP21-19,SP21,EP89,Urgent,285
SP21-20,SP21,EP61,Normal,None
SP21-21,SP21,EP83,Normal,None
SP21-22,SP21,EP92,Normal,None
SP21-23,SP21,EP63,Normal,None
SP21-24,SP21,EP58,Normal,None
SP21-25,SP21,EP3,Normal,None
SP21-26,SP21,EP12,Normal,None
SP21-27,SP21,EP38,Normal,None
SP21-28,SP21,EP29,Normal,None
SP21-29,SP21,EP52,Normal,None
SP21-30,SP21,EP89,Normal,None
SP21-31,SP21,EP32,Normal,None
SP21-32,SP21,EP40,Urgent,480
SP21-33,SP21,EP85,Normal,None
SP21-34,SP21,EP75,Normal,None
SP21-35,SP21,EP48,Normal,None
SP21-36,SP21,EP61,Normal,None
SP21-37,SP21,EP71,Normal,None
SP21-38,SP21,EP68,Normal,None
SP21-39,SP21,EP45,Normal,None
SP21-40,SP21,EP55,Urgent,600
SP21-41,SP21,EP96,Normal,None
SP22-1,SP22,EP71,Normal,None
SP22-2,SP22,EP43,Normal,None
SP22-3,SP22,EP46,Normal,None
SP22-4,SP22,EP90,Normal,None
SP22-5,SP22,EP59,Normal,None
SP22-6,SP22,EP35,Urgent,90
SP22-7,SP22,EP40,Normal,None
SP22-8,SP22,EP33,Normal,None
SP22-9,SP22,EP30,Normal,None
SP22-10,SP22,EP16,Normal,None
SP22-11,SP22,EP93,Urgent,165
SP22-12,SP22,EP25,Normal,None
SP22-13,SP22,EP41,Normal,None
SP22-14,SP22,EP16,Urgent,210
SP22-15,SP22,EP96,Normal,None
SP22-16,SP22,EP69,Normal,None
SP22-17,SP22,EP98,Normal,None
SP22-18,SP22,EP89,Normal,None
SP22-19,SP22,EP24,Normal,None
SP22-20,SP22,EP25,Normal,None
SP22-21,SP22,EP28,Normal,None
SP22-22,SP22,EP95,Normal,None
SP22-23,SP22,EP62,Normal,None
SP22-24,SP22,EP36,Normal,None
SP22-25,SP22,EP93,Normal,None
SP22-26,SP22,EP76,Normal,None
SP22-27,SP22,EP98,Normal,None
SP22-28,SP22,EP68,Normal,None
SP22-29,SP22,EP77,Normal,None
SP22-30,SP22,EP37,Urgent,450
SP22-31,SP22,EP13,Normal,None
SP22-32,SP22,EP25,Normal,None
SP22-33,SP22,EP38,Normal,None
SP22-34,SP22,EP30,Normal,None
SP22-35,SP22,EP47,Normal,None
SP22-36,SP22,EP23,Normal,None
SP22-37,SP22,EP39,Urgent,555
SP22-38,SP22,EP2,Normal,None
SP22-39,SP22,EP91,Normal,None
SP22-40,SP22,EP69,Normal,None
SP22-41,SP22,EP17,Normal,None
SP23-1,SP23,EP36,Normal,None
SP23-2,SP23,EP6,Normal,None
SP23-3,SP23,EP7,Normal,None
SP23-4,SP23,EP71,Normal,None
SP23-5,SP23,EP38,Normal,None
SP23-6,SP23,EP90,Normal,None
SP23-7,SP23,EP17,Normal,None
SP23-8,SP23,EP82,Normal,None
SP23-9,SP23,EP97,Normal,None
SP23-10,SP23,EP63,Normal,None
SP23-11,SP23,EP14,Normal,None
SP23-12,SP23,EP2,Normal,None
SP23-13,SP23,EP74,Normal,None
SP23-14,SP23,EP37,Normal,None
SP23-15,SP23,EP61,Normal,None
SP23-16,SP23,EP62,Normal,None
SP23-17,SP23,EP57,Normal,None
SP23-18,SP23,EP44,Normal,None
SP23-19,SP23,EP24,Normal,None
SP23-20,SP23,EP7,Normal,None
SP23-21,SP23,EP33,Normal,None
SP23-22,SP23,EP62,Normal,None
SP23-23,SP23,EP15,Normal,None
SP23-24,SP23,EP9,Normal,None
SP23-25,SP23,EP52,Normal,None
SP23-26,SP23,EP63,Normal,None
SP23-27,SP23,EP10,Normal,None
SP23-28,SP23,EP74,Normal,None
SP23-29,SP23,EP81,Normal,None
SP23-30,SP23,EP88,Urgent,450
SP23-31,SP23,EP7,Normal,None
SP23-32,SP23,EP20,Normal,None
SP23-33,SP23,EP20,Normal,None
SP23-34,SP23,EP73,Normal,None
SP23-35,SP23,EP39,Normal,None
SP23-36,SP23,EP11,Normal,None
SP23-37,SP23,EP32,Urgent,555
SP23-38,SP23,EP16,Normal,None
SP23-39,SP23,EP72,Normal,None
SP23-40,SP23,EP98,Normal,None
SP23-41,SP23,EP54,Normal,None
SP24-1,SP24,EP78,Normal,None
SP24-2,SP24,EP77,Normal,None
SP24-3,SP24,EP80,Normal,None
SP24-4,SP24,EP29,Normal,None
SP24-5,SP24,EP100,Normal,None
SP24-6,SP24,EP67,Urgent,90
SP24-7,SP24,EP49,Normal,None
SP24-8,SP24,EP58,Normal,None
SP24-9,SP24,EP57,Normal,None
SP24-10,SP24,EP39,Normal,None
SP24-11,SP24,EP76,Normal,None
SP24-12,SP24,EP55,Normal,None
SP24-13,SP24,EP40,Normal,None
SP24-14,SP24,EP73,Normal,None
SP24-15,SP24,EP80,Normal,None
SP24-16,SP24,EP8,Normal,None
SP24-17,SP24,EP79,Normal,None
SP24-18,SP24,EP95,Normal,None
SP24-19,SP24,EP13,Normal,None
SP24-20,SP24,EP98,Urgent,300
SP24-21,SP24,EP27,Normal,None
SP24-22,SP24,EP81,Normal,None
SP24-23,SP24,EP28,Normal,None
SP24-24,SP24,EP34,Normal,None
SP24-25,SP24,EP85,Urgent,375
SP24-26,SP24,EP11,Normal,None
SP24-27,SP24,EP21,Normal,None
SP24-28,SP24,EP31,Urgent,420
SP24-29,SP24,EP23,Normal,None
SP24-30,SP24,EP71,Normal,None
SP24-31,SP24,EP10,Normal,None
SP24-32,SP24,EP21,Urgent,480
SP24-33,SP24,EP1,Normal,None
SP24-34,SP24,EP53,Normal,None
SP24-35,SP24,EP58,Normal,None
SP24-36,SP24,EP89,Normal,None
SP24-37,SP24,EP77,Normal,None
SP24-38,SP24,EP61,Normal,None
SP24-39,SP24,EP38,Normal,None
SP24-40,SP24,EP5,Normal,None
SP24-41,SP24,EP30,Normal,None
